{"cameraMode":{"drawMode":0,"name":"Shaded","section":"Shading Mode"},"sceneLighting":true,"audioPlay":false,"sceneViewState":{"m_AlwaysRefresh":false,"showFog":true,"showSkybox":true,"showFlares":true,"showImageEffects":true,"showParticleSystems":true,"showVisualEffectGraphs":true,"m_FxEnabled":true},"in2DMode":false,"pivot":{"x":0.38193273544311526,"y":0.6093806028366089,"z":-0.42325830459594729},"rotation":{"x":-0.003930707462131977,"y":-0.9958621859550476,"z":0.07363779842853546,"w":-0.05322398990392685},"size":1.5073950290679932,"orthographic":false}